id,danceability,energy,instrumentalness,liveness,mode,speechiness,acousticness,valence,odd_time_signature,cluster,0,1,2,track_name,album_name,release_date,track_href,type,uri,year,decade,period,duration_ms,loudness,tempo
0iJfN2CqrX7O8hkzgAMMAf,0.236,0.0556,0.923,0.118,1,0.0339,0.77,0.0329,0,0,-0.884940519389289,-0.32298477954656146,1.1457751077936413,Cluster One,The Division Bell,1994,https://api.spotify.com/v1/tracks/0iJfN2CqrX7O8hkzgAMMAf,audio_features,spotify:track:0iJfN2CqrX7O8hkzgAMMAf,1994,90,Post Roger,355634,-22.116,103.659
3Tsh9pjiJ5cvmuiZALdgVz,0.515,0.565,1.35e-05,0.122,1,0.0304,0.113,0.374,0,2,0.619639844183649,-0.40973987610039936,-1.0863140761701329,What Do You Want from Me,The Division Bell,1994,https://api.spotify.com/v1/tracks/3Tsh9pjiJ5cvmuiZALdgVz,audio_features,spotify:track:3Tsh9pjiJ5cvmuiZALdgVz,1994,90,Post Roger,261587,-9.547,104.372
6uE9hF8fIb6shBXrrzA12U,0.162,0.411,0.0769,0.687,1,0.0346,0.3,0.246,0,2,0.44070479526721323,-1.9656456670240332,-0.5194126405361268,Poles Apart,The Division Bell,1994,https://api.spotify.com/v1/tracks/6uE9hF8fIb6shBXrrzA12U,audio_features,spotify:track:6uE9hF8fIb6shBXrrzA12U,1994,90,Post Roger,423064,-11.333,61.418
6bIPHR8AJG5HAcn9oF21Ma,0.396,0.341,0.568,0.12,1,0.0303,0.384,0.148,0,2,-0.21658804961681125,-1.331992687243008,-0.18387850245954676,Marooned,The Division Bell,1994,https://api.spotify.com/v1/tracks/6bIPHR8AJG5HAcn9oF21Ma,audio_features,spotify:track:6bIPHR8AJG5HAcn9oF21Ma,1994,90,Post Roger,330385,-14.836,74.203
2dxfyqdrI8XVOT3H1YcOsU,0.386,0.348,0.00123,0.236,1,0.0291,0.626,0.265,1,2,-0.054972802435858996,-0.9561446658215685,-0.805601927047199,A Great Day for Freedom,The Division Bell,1994,https://api.spotify.com/v1/tracks/2dxfyqdrI8XVOT3H1YcOsU,audio_features,spotify:track:2dxfyqdrI8XVOT3H1YcOsU,1994,90,Post Roger,256986,-12.239,84.376
2GoeLsETNdx8lRoWW2aeNj,0.602,0.426,0.0473,0.104,1,0.0404,0.306,0.363,0,1,0.43671342467833546,0.04570998588915691,0.29102475214903833,Wearing the Inside Out,The Division Bell,1994,https://api.spotify.com/v1/tracks/2GoeLsETNdx8lRoWW2aeNj,audio_features,spotify:track:2GoeLsETNdx8lRoWW2aeNj,1994,90,Post Roger,409255,-15.317,122.4
325toqbCzE1g1pYIED7U4C,0.469,0.6,0.00606,0.273,1,0.0288,0.132,0.135,0,1,0.8275151812812942,-0.3018954569807771,-0.4672941323756706,Take It Back,The Division Bell,1994,https://api.spotify.com/v1/tracks/325toqbCzE1g1pYIED7U4C,audio_features,spotify:track:325toqbCzE1g1pYIED7U4C,1994,90,Post Roger,372226,-11.155,112.426
1bQ4zbP8Fo0qAePTSOfYji,0.287,0.499,0.000652,0.102,1,0.0437,0.464,0.142,0,1,1.4417076970615512,1.6436346101904975,-0.08240680433986278,Coming Back to Life,The Division Bell,1994,https://api.spotify.com/v1/tracks/1bQ4zbP8Fo0qAePTSOfYji,audio_features,spotify:track:1bQ4zbP8Fo0qAePTSOfYji,1994,90,Post Roger,379241,-11.094,176.437
0vI64OhYqTo6KYswDlx0yT,0.497,0.771,0.00895,0.0788,0,0.0528,0.187,0.24,0,2,0.6903895601244734,-0.7462660856328701,-0.3228486219772226,Keep Talking,The Division Bell,1994,https://api.spotify.com/v1/tracks/0vI64OhYqTo6KYswDlx0yT,audio_features,spotify:track:0vI64OhYqTo6KYswDlx0yT,1994,90,Post Roger,370667,-11.938,100.302
4Ev1LZ4uzjnSvDHpgdyBZK,0.599,0.399,0.00337,0.712,1,0.0248,0.128,0.222,0,2,0.09953490924273356,-0.6663464423727279,-0.3392838494865698,Lost for Words,The Division Bell,1994,https://api.spotify.com/v1/tracks/4Ev1LZ4uzjnSvDHpgdyBZK,audio_features,spotify:track:4Ev1LZ4uzjnSvDHpgdyBZK,1994,90,Post Roger,314961,-14.014,96.329
5a4MgIUSf9K8wXLSm6xPEx,0.519,0.413,0.152,0.351,0,0.0251,0.205,0.267,0,2,0.755707058528969,-1.7159071863685489,0.1136376227653828,High Hopes,The Division Bell,1994,https://api.spotify.com/v1/tracks/5a4MgIUSf9K8wXLSm6xPEx,audio_features,spotify:track:5a4MgIUSf9K8wXLSm6xPEx,1994,90,Post Roger,510965,-12.535,75.219
5IuSQa3vuy5ZGw0ZxJ9z3a,0.249,0.297,0.222,0.0875,1,0.0835,0.109,0.0551,0,0,-0.7467954411398339,0.2147263175546491,0.5588780670339165,Signs of Life,A Momentary Lapse of Reason,1987-09-08,https://api.spotify.com/v1/tracks/5IuSQa3vuy5ZGw0ZxJ9z3a,audio_features,spotify:track:5IuSQa3vuy5ZGw0ZxJ9z3a,1987,80,Post Roger,261858,-20.57,117.168
3ieDOGcOqVxScs2VZBzidt,0.442,0.56,0.0322,0.151,1,0.0361,0.252,0.475,0,1,0.7601960891430023,1.5409560310146413,-0.09780995944523206,Learning to Fly,A Momentary Lapse of Reason,1987-09-08,https://api.spotify.com/v1/tracks/3ieDOGcOqVxScs2VZBzidt,audio_features,spotify:track:3ieDOGcOqVxScs2VZBzidt,1987,80,Post Roger,292080,-13.681,166.585
4ggDbvTME5EAso1xfGX2M0,0.233,0.494,1.16e-05,0.866,1,0.058,0.172,0.108,0,2,0.38796183796019074,-1.0975384962042762,-0.45718773002971425,The Dogs of War,A Momentary Lapse of Reason,1987-09-08,https://api.spotify.com/v1/tracks/4ggDbvTME5EAso1xfGX2M0,audio_features,spotify:track:4ggDbvTME5EAso1xfGX2M0,1987,80,Post Roger,363721,-12.387,86.274
3h31xJfV4OpCYKlzSpazLy,0.593,0.706,0.0129,0.0806,1,0.0467,0.413,0.345,0,1,0.4371629467615994,-0.024169032426287533,-0.41430764415015015,One Slip,A Momentary Lapse of Reason,1987-09-08,https://api.spotify.com/v1/tracks/3h31xJfV4OpCYKlzSpazLy,audio_features,spotify:track:3h31xJfV4OpCYKlzSpazLy,1987,80,Post Roger,308666,-12.811,117.318
7KA6U0WOHdGxWWLGPYN2Sb,0.448,0.402,0.000746,0.076,1,0.03,0.365,0.244,0,2,0.43573827201116605,-0.6056382952885052,-0.45598551810182547,On the Turning Away,A Momentary Lapse of Reason,1987-09-08,https://api.spotify.com/v1/tracks/7KA6U0WOHdGxWWLGPYN2Sb,audio_features,spotify:track:7KA6U0WOHdGxWWLGPYN2Sb,1987,80,Post Roger,341667,-12.135,100.454
7ymn3tJva1XgJOhB9Kj5q0,0.337,0.625,0.0122,0.142,1,0.0482,0.0387,0.19,0,2,0.5598389258397729,-0.8413243558388962,-0.4624674527522435,Yet Another Movie,A Momentary Lapse of Reason,1987-09-08,https://api.spotify.com/v1/tracks/7ymn3tJva1XgJOhB9Kj5q0,audio_features,spotify:track:7ymn3tJva1XgJOhB9Kj5q0,1987,80,Post Roger,372908,-11.92,94.081
4GIq6ZUGqM8qRTJF1BOery,0.429,0.215,0.778,0.0605,1,0.0328,0.666,0.582,1,1,-0.706267019872172,1.8139424664457624,-0.06490305112752237,Round and Around,A Momentary Lapse of Reason,1987-09-08,https://api.spotify.com/v1/tracks/4GIq6ZUGqM8qRTJF1BOery,audio_features,spotify:track:4GIq6ZUGqM8qRTJF1BOery,1987,80,Post Roger,73305,-18.415,160.495
6efrVSc5Dltp0PyFybNacG,0.213,0.033,0.000233,0.107,1,0.0406,0.809,0.112,0,0,-1.5425946732881561,-0.29564098872478733,0.0036572623846318148,"A New Machine, Pt. 1",A Momentary Lapse of Reason,1987-09-08,https://api.spotify.com/v1/tracks/6efrVSc5Dltp0PyFybNacG,audio_features,spotify:track:6efrVSc5Dltp0PyFybNacG,1987,80,Post Roger,105933,-20.566,94.45
4hO2y5DRbeMppklIroS1O8,0.353,0.413,0.392,0.13,1,0.0275,0.00769,0.0646,0,1,1.2010679373790263,1.6032418794798138,0.14167367557327593,Terminal Frost,A Momentary Lapse of Reason,1987-09-08,https://api.spotify.com/v1/tracks/4hO2y5DRbeMppklIroS1O8,audio_features,spotify:track:4hO2y5DRbeMppklIroS1O8,1987,80,Post Roger,375440,-12.826,172.771
1gqS8bomGckIqmfDbavdHD,0.289,0.0676,1.57e-05,0.101,1,0.0436,0.641,0.0728,0,0,-2.034939421618828,-1.4026511042083953,-0.5002869567383095,"A New Machine, Pt. 2",A Momentary Lapse of Reason,1987-09-08,https://api.spotify.com/v1/tracks/1gqS8bomGckIqmfDbavdHD,audio_features,spotify:track:1gqS8bomGckIqmfDbavdHD,1987,80,Post Roger,39009,-19.996,55.4
0u90NnJ2p3Q2MIP9IaAsg5,0.464,0.65,0.377,0.0728,1,0.0366,0.174,0.15,0,2,0.9475241272351289,-0.9759423808808493,0.16050711698022196,Sorrow,A Momentary Lapse of Reason,1987-09-08,https://api.spotify.com/v1/tracks/0u90NnJ2p3Q2MIP9IaAsg5,audio_features,spotify:track:0u90NnJ2p3Q2MIP9IaAsg5,1987,80,Post Roger,524753,-12.541,96.313
1WadE5KTwPPMruyCPSnVos,0.342,0.125,0.000376,0.43,1,0.0486,0.904,0.371,1,1,-0.47781458640624025,0.18317296363105454,-0.3923864239233834,The Post War Dream,The Final Cut,1983-03-21,https://api.spotify.com/v1/tracks/1WadE5KTwPPMruyCPSnVos,audio_features,spotify:track:1WadE5KTwPPMruyCPSnVos,1983,80,Golden age,179360,-15.623,116.039
1IAiDrvZCOx8AHlNZGY5yU,0.443,0.152,0.000117,0.132,1,0.037,0.654,0.201,1,1,0.49952817834483204,0.6067600814700904,-0.5366284777942218,Your Possible Pasts,The Final Cut,1983-03-21,https://api.spotify.com/v1/tracks/1IAiDrvZCOx8AHlNZGY5yU,audio_features,spotify:track:1IAiDrvZCOx8AHlNZGY5yU,1983,80,Golden age,266303,-11.854,135.808
2rcpqbAf0ZXdgddldbu1sU,0.364,0.0297,0.8,0.113,1,0.0417,0.386,0.0388,0,0,-1.4613802176612631,2.2738330156398714,1.0210837594202204,One of the Few,The Final Cut,1983-03-21,https://api.spotify.com/v1/tracks/2rcpqbAf0ZXdgddldbu1sU,audio_features,spotify:track:2rcpqbAf0ZXdgddldbu1sU,1983,80,Golden age,77030,-25.35,172.055
23ItRtrVX4vF30wGrzfznf,0.164,0.232,0.00268,0.427,0,0.0499,0.769,0.0552,0,2,-0.7835675162453475,-1.133526748526086,-0.2710427094896784,When the Tigers Broke Free,The Final Cut,1983-03-21,https://api.spotify.com/v1/tracks/23ItRtrVX4vF30wGrzfznf,audio_features,spotify:track:23ItRtrVX4vF30wGrzfznf,1983,80,Golden age,192161,-16.512,77.712
0s9iofqbQdsmWZQJ1TZh1c,0.55,0.351,0.00602,0.15,1,0.0443,0.531,0.237,0,1,-0.175117625819812,0.2209954641016052,-0.6892956747801318,The Hero's Return,The Final Cut,1983-03-21,https://api.spotify.com/v1/tracks/0s9iofqbQdsmWZQJ1TZh1c,audio_features,spotify:track:0s9iofqbQdsmWZQJ1TZh1c,1983,80,Golden age,162826,-13.766,118.061
1057KuzIH4fWCyI5Gb5kX2,0.428,0.284,0.00444,0.104,1,0.054,0.687,0.169,0,1,0.35269151316584835,0.4455974233329175,-0.03203392612988482,The Gunner's Dream,The Final Cut,1983-03-21,https://api.spotify.com/v1/tracks/1057KuzIH4fWCyI5Gb5kX2,audio_features,spotify:track:1057KuzIH4fWCyI5Gb5kX2,1983,80,Golden age,318240,-14.264,132.667
1Xmr96UoJusovMbOCSg2N3,0.367,0.0798,0.0111,0.082,1,0.0359,0.767,0.11,0,0,-1.6257712405628848,-1.0568823288426923,0.49320702631629376,Paranoid Eyes,The Final Cut,1983-03-21,https://api.spotify.com/v1/tracks/1Xmr96UoJusovMbOCSg2N3,audio_features,spotify:track:1Xmr96UoJusovMbOCSg2N3,1983,80,Golden age,221601,-22.331,73.79
4HNZRr43gqpPjMuB6m1Ydf,0.364,0.152,0.00141,0.0909,1,0.0884,0.812,0.48,1,0,-1.7975473353975804,-0.5428782705529756,-0.18649377412297694,Get Your Filthy Hands Off My Desert,The Final Cut,1983-03-21,https://api.spotify.com/v1/tracks/4HNZRr43gqpPjMuB6m1Ydf,audio_features,spotify:track:4HNZRr43gqpPjMuB6m1Ydf,1983,80,Golden age,76906,-20.789,83.33
0L0HAZg6FGrBAS6QE7B1eI,0.429,0.3,0.000474,0.231,1,0.0336,0.64,0.0524,1,1,0.5031733435152244,0.21648899993970683,-0.8210524991322155,The Fletcher Memorial Home,The Final Cut,1983-03-21,https://api.spotify.com/v1/tracks/0L0HAZg6FGrBAS6QE7B1eI,audio_features,spotify:track:0L0HAZg6FGrBAS6QE7B1eI,1983,80,Golden age,249442,-10.69,123.362
1e6P6S42qX7vFT0u14S5jm,0.568,0.0904,0.0356,0.187,1,0.0539,0.643,0.176,0,0,-1.6529965711693493,0.21488801030674543,0.5152812484421148,Southampton Dock,The Final Cut,1983-03-21,https://api.spotify.com/v1/tracks/1e6P6S42qX7vFT0u14S5jm,audio_features,spotify:track:1e6P6S42qX7vFT0u14S5jm,1983,80,Golden age,133466,-23.281,110.108
5y1Uc72BAKxaleTEXpcJJq,0.462,0.364,0.000682,0.118,1,0.0335,0.787,0.0781,0,2,0.10783692708845559,-1.8825107948191366,-1.1258050389310683,The Final Cut,The Final Cut,1983-03-21,https://api.spotify.com/v1/tracks/5y1Uc72BAKxaleTEXpcJJq,audio_features,spotify:track:5y1Uc72BAKxaleTEXpcJJq,1983,80,Golden age,282602,-9.831,58.588
6JwcYUAHQAwUXJWZ4S9c5V,0.513,0.833,1.07e-06,0.844,0,0.0489,0.185,0.318,0,2,0.9616506467038229,-1.035648906300205,-1.1714665152734165,Not Now John,The Final Cut,1983-03-21,https://api.spotify.com/v1/tracks/6JwcYUAHQAwUXJWZ4S9c5V,audio_features,spotify:track:6JwcYUAHQAwUXJWZ4S9c5V,1983,80,Golden age,301210,-7.883,91.38
3KvKMHMlRj30a7IjHXQVzu,0.714,0.224,0.201,0.243,1,0.0319,0.189,0.339,1,1,0.1950394054360852,0.6275635347889498,0.08854817976853095,Two Suns in the Sunset,The Final Cut,1983-03-21,https://api.spotify.com/v1/tracks/3KvKMHMlRj30a7IjHXQVzu,audio_features,spotify:track:3KvKMHMlRj30a7IjHXQVzu,1983,80,Golden age,315445,-15.596,135.269
24YmWQgunJGAU8El3ndkyn,0.316,0.49,0.367,0.0537,1,0.0391,0.416,0.267,1,1,0.1574712695804003,1.2867182593362358,-0.30792792825144694,In the Flesh?,The Wall,1979-11-30,https://api.spotify.com/v1/tracks/24YmWQgunJGAU8El3ndkyn,audio_features,spotify:track:24YmWQgunJGAU8El3ndkyn,1979,70,Golden age,198222,-14.578,152.1
62zuXt6X5B6YQOBNFV2eXG,0.406,0.128,0.0019,0.656,0,0.0349,0.359,0.191,1,0,-0.6749231163386596,0.0005821852562159513,-0.25841646876923374,The Thin Ice,The Wall,1979-11-30,https://api.spotify.com/v1/tracks/62zuXt6X5B6YQOBNFV2eXG,audio_features,spotify:track:62zuXt6X5B6YQOBNFV2eXG,1979,70,Golden age,146321,-16.983,110.272
7K6xMPtAjTuLPNlJMLf5bS,0.613,0.0457,0.642,0.0991,1,0.0337,0.937,0.093,0,0,-2.0260818439222197,-0.12863506914304274,1.1693302621394195,"Another Brick in the Wall, Pt. 1",The Wall,1979-11-30,https://api.spotify.com/v1/tracks/7K6xMPtAjTuLPNlJMLf5bS,audio_features,spotify:track:7K6xMPtAjTuLPNlJMLf5bS,1979,70,Golden age,192146,-26.398,99.524
2O3l4X1yTua8oMMCtazkyo,0.74,0.231,0.747,0.249,0,0.0415,0.551,0.546,0,0,-1.0850466097777756,-0.10329632332286014,-0.03561657464273907,The Happiest Days of Our Lives,The Wall,1979-11-30,https://api.spotify.com/v1/tracks/2O3l4X1yTua8oMMCtazkyo,audio_features,spotify:track:2O3l4X1yTua8oMMCtazkyo,1979,70,Golden age,110826,-18.91,103.994
4gMgiXfqyzZLMhsksGmbQV,0.693,0.394,0.000694,0.247,1,0.0428,0.0782,0.721,0,2,-0.3160578562135898,-0.24273605355187017,-0.3087611507581326,"Another Brick in the Wall, Pt. 2",The Wall,1979-11-30,https://api.spotify.com/v1/tracks/4gMgiXfqyzZLMhsksGmbQV,audio_features,spotify:track:4gMgiXfqyzZLMhsksGmbQV,1979,70,Golden age,238747,-15.882,104.114
1GEOSS415bZVHNuXWlCT6b,0.578,0.15,0.00707,0.0825,1,0.0334,0.243,0.12,0,1,0.0413501126951395,0.5899811603703943,0.43287681277547135,Mother,The Wall,1979-11-30,https://api.spotify.com/v1/tracks/1GEOSS415bZVHNuXWlCT6b,audio_features,spotify:track:1GEOSS415bZVHNuXWlCT6b,1979,70,Golden age,334893,-17.335,135.22
0ESdtt9cjGZUkUbaubSrv2,0.638,0.0811,0.00313,0.314,1,0.0335,0.879,0.0503,0,0,-1.49836240457267,0.10338988934070903,0.5491225674946468,Goodbye Blue Sky,The Wall,1979-11-30,https://api.spotify.com/v1/tracks/0ESdtt9cjGZUkUbaubSrv2,audio_features,spotify:track:0ESdtt9cjGZUkUbaubSrv2,1979,70,Golden age,167240,-22.646,109.154
5yMyLZu4wPvWcbLFiRhYVM,0.501,0.338,0.868,0.514,1,0.0395,0.187,0.106,0,0,-1.1596159932366732,-0.2766074517323859,-0.1154542408563127,Empty Spaces,The Wall,1979-11-30,https://api.spotify.com/v1/tracks/5yMyLZu4wPvWcbLFiRhYVM,audio_features,spotify:track:5yMyLZu4wPvWcbLFiRhYVM,1979,70,Golden age,127830,-19.12,95.942
3xGJuHvSxFJxxYlHj5BIoT,0.615,0.55,0.19,0.747,0,0.0349,0.0546,0.549,0,2,-0.0960581407593795,-0.6270876012823046,-0.5975750026306619,Young Lust,The Wall,1979-11-30,https://api.spotify.com/v1/tracks/3xGJuHvSxFJxxYlHj5BIoT,audio_features,spotify:track:3xGJuHvSxFJxxYlHj5BIoT,1979,70,Golden age,209957,-13.858,95.488
66YHxyGAUGjMBDdrDlWIMD,0.315,0.218,0.0012,0.226,1,0.0728,0.305,0.156,0,1,0.3787414635304313,1.9548117832359466,-0.022357007343685783,One of My Turns,The Wall,1979-11-30,https://api.spotify.com/v1/tracks/66YHxyGAUGjMBDdrDlWIMD,audio_features,spotify:track:66YHxyGAUGjMBDdrDlWIMD,1979,70,Golden age,216800,-15.215,175.868
3QEWEv1tvHmVgsT5THpGDn,0.324,0.11,0.777,0.621,0,0.0351,0.0847,0.0393,1,0,-0.5504411798202036,0.33621915420833687,0.6116385480255412,Don't Leave Me Now,The Wall,1979-11-30,https://api.spotify.com/v1/tracks/3QEWEv1tvHmVgsT5THpGDn,audio_features,spotify:track:3QEWEv1tvHmVgsT5THpGDn,1979,70,Golden age,255934,-19.78,123.534
5A7eooPKJHtr0UJmatjH4a,0.653,0.472,7.69e-05,0.397,1,0.0353,0.0554,0.448,0,2,-0.6686681758109881,-0.08595957878536423,-0.9766896761021137,"Another Brick in the Wall, Pt. 3",The Wall,1979-11-30,https://api.spotify.com/v1/tracks/5A7eooPKJHtr0UJmatjH4a,audio_features,spotify:track:5A7eooPKJHtr0UJmatjH4a,1979,70,Golden age,74411,-14.797,102.558
0ZXkKRO789QKBR6ME7pIDF,0.472,0.0118,0.799,0.247,1,0.0397,0.783,0.0698,0,0,-3.043726801498162,0.2660751261861083,1.5497669936085998,Goodbye Cruel World,The Wall,1979-11-30,https://api.spotify.com/v1/tracks/0ZXkKRO789QKBR6ME7pIDF,audio_features,spotify:track:0ZXkKRO789QKBR6ME7pIDF,1979,70,Golden age,73430,-31.734,102.949
7F02x6EKYIQV3VcTaTm7oN,0.587,0.302,0.00216,0.128,1,0.0293,0.223,0.19,0,1,-0.017941444904509163,-0.07785628918538907,-0.20623605601371783,Hey You,The Wall,1979-11-30,https://api.spotify.com/v1/tracks/7F02x6EKYIQV3VcTaTm7oN,audio_features,spotify:track:7F02x6EKYIQV3VcTaTm7oN,1979,70,Golden age,278441,-14.976,112.46
5HAjss9faCAowGY8dM24r6,0.307,0.0742,0.315,0.11,0,0.0359,0.72,0.0394,0,0,-1.9187091988564584,0.4220592538036116,1.3478914478061161,Is There Anybody Out There?,The Wall,1979-11-30,https://api.spotify.com/v1/tracks/5HAjss9faCAowGY8dM24r6,audio_features,spotify:track:5HAjss9faCAowGY8dM24r6,1979,70,Golden age,161595,-27.159,118.682
2gTnu5RZNVFVnWdjLnyUA5,0.251,0.148,0.432,0.106,1,0.0432,0.713,0.0569,0,1,-0.18554028393580482,3.0334430744721645,0.9845685963666875,Nobody Home,The Wall,1979-11-30,https://api.spotify.com/v1/tracks/2gTnu5RZNVFVnWdjLnyUA5,audio_features,spotify:track:2gTnu5RZNVFVnWdjLnyUA5,1979,70,Golden age,203361,-21.056,206.542
7FCiDC7ojdm19CJePq6QAe,0.179,0.162,0.022,0.119,0,0.162,0.678,0.0869,0,0,-2.2708397592643945,-2.1700999638071745,-0.019729453290135292,Vera,The Wall,1979-11-30,https://api.spotify.com/v1/tracks/7FCiDC7ojdm19CJePq6QAe,audio_features,spotify:track:7FCiDC7ojdm19CJePq6QAe,1979,70,Golden age,93356,-22.191,34.821
4TUStFzBGQqn0GrkzVWFV4,0.33,0.283,0.0947,0.235,1,0.061,0.575,0.287,0,1,-0.3093650628025478,1.5999556466174774,-0.4030864851301798,Bring the Boys Back Home,The Wall,1979-11-30,https://api.spotify.com/v1/tracks/4TUStFzBGQqn0GrkzVWFV4,audio_features,spotify:track:4TUStFzBGQqn0GrkzVWFV4,1979,70,Golden age,87207,-15.971,157.963
5HNCy40Ni5BZJFw1TKzRsC,0.472,0.366,0.312,0.0837,0,0.0286,0.15,0.171,0,1,0.862847885869312,0.08511732886492113,0.016059356742130618,Comfortably Numb,The Wall,1979-11-30,https://api.spotify.com/v1/tracks/5HNCy40Ni5BZJFw1TKzRsC,audio_features,spotify:track:5HNCy40Ni5BZJFw1TKzRsC,1979,70,Golden age,382297,-12.595,127.163
077OhUjy58qkjscrXjW696,0.571,0.198,0.125,0.262,1,0.0294,0.435,0.326,0,1,-0.6938646731478659,0.7275027291221253,-0.399364951058199,The Show Must Go On,The Wall,1979-11-30,https://api.spotify.com/v1/tracks/077OhUjy58qkjscrXjW696,audio_features,spotify:track:077OhUjy58qkjscrXjW696,1979,70,Golden age,96560,-16.919,129.024
5OFi9CIyD6s1oENyHapK2W,0.292,0.454,0.509,0.719,1,0.0316,0.371,0.105,1,1,0.2993048960585501,1.1478236125903136,-0.08196061393828599,In the Flesh,The Wall,1979-11-30,https://api.spotify.com/v1/tracks/5OFi9CIyD6s1oENyHapK2W,audio_features,spotify:track:5OFi9CIyD6s1oENyHapK2W,1979,70,Golden age,255547,-14.89,150.916
0EaLRxrtnq7Mqhdf8q9txr,0.717,0.499,0.445,0.86,1,0.0354,0.0233,0.419,0,1,-0.017850676768613013,0.08807141883355614,-0.18687643594677064,Run Like Hell,The Wall,1979-11-30,https://api.spotify.com/v1/tracks/0EaLRxrtnq7Mqhdf8q9txr,audio_features,spotify:track:0EaLRxrtnq7Mqhdf8q9txr,1979,70,Golden age,263573,-15.449,116.974
2DVkYfl2YuOMlRfC98srEG,0.568,0.413,0.00541,0.535,1,0.0339,0.582,0.634,0,2,-0.32839138657329653,-1.1983363625399406,-0.7338892093550531,Waiting for the Worms,The Wall,1979-11-30,https://api.spotify.com/v1/tracks/2DVkYfl2YuOMlRfC98srEG,audio_features,spotify:track:2DVkYfl2YuOMlRfC98srEG,1979,70,Golden age,237098,-13.594,75.866
21L1dVOTGhvAKvBXXnTIHj,0.555,0.0193,0.00136,0.0658,0,0.0432,0.917,0.31,0,0,-3.133536106359616,-0.6446316829069938,1.0536268452176385,Stop,The Wall,1979-11-30,https://api.spotify.com/v1/tracks/21L1dVOTGhvAKvBXXnTIHj,audio_features,spotify:track:21L1dVOTGhvAKvBXXnTIHj,1979,70,Golden age,30622,-29.867,76.113
1UMXtudajhlocMzXVSngDU,0.414,0.37,0.000129,0.211,0,0.0573,0.696,0.33,0,2,-0.29603781167551707,-1.339982551362134,-0.01667222627981301,The Trial,The Wall,1979-11-30,https://api.spotify.com/v1/tracks/1UMXtudajhlocMzXVSngDU,audio_features,spotify:track:1UMXtudajhlocMzXVSngDU,1979,70,Golden age,318846,-15.748,76.846
1nW0lHGLpE1iQDP5Nvt3x1,0.186,0.0775,0.506,0.0939,1,0.0534,0.674,0.455,1,0,-3.2270335771635783,1.286454590087722,2.270591929342616,Outside the Wall,The Wall,1979-11-30,https://api.spotify.com/v1/tracks/1nW0lHGLpE1iQDP5Nvt3x1,audio_features,spotify:track:1nW0lHGLpE1iQDP5Nvt3x1,1979,70,Golden age,104114,-35.898,133.137
19tHmIQsRnebkyK09m2UXE,0.664,0.171,0.001,0.264,1,0.0452,0.3,0.378,1,0,-1.2744109419996852,0.8588863663039491,0.018146996788503435,Pigs on the Wing 1,Animals,1977-01-23,https://api.spotify.com/v1/tracks/19tHmIQsRnebkyK09m2UXE,audio_features,spotify:track:19tHmIQsRnebkyK09m2UXE,1977,70,Golden age,84280,-20.731,128.631
2jvuMDqBK04WvCYYz5qjvG,0.321,0.479,0.00475,0.151,0,0.05,0.076,0.14,0,3,2.8221552116022486,-1.4357001067238107,1.733528202830285,Dogs,Animals,1977-01-23,https://api.spotify.com/v1/tracks/2jvuMDqBK04WvCYYz5qjvG,audio_features,spotify:track:2jvuMDqBK04WvCYYz5qjvG,1977,70,Golden age,1025280,-11.395,109.289
0gEaeqVRHPzRc7HMXtOKc7,0.419,0.575,0.459,0.895,0,0.0897,0.103,0.354,0,3,1.9096156335715804,-0.32622103844821077,0.8907445909538353,Pigs (Three Different Ones),Animals,1977-01-23,https://api.spotify.com/v1/tracks/0gEaeqVRHPzRc7HMXtOKc7,audio_features,spotify:track:0gEaeqVRHPzRc7HMXtOKc7,1977,70,Golden age,685880,-12.22,129.267
55e99bv2wlgTYtNEYHWtN1,0.28,0.716,0.52,0.512,0,0.0983,0.0652,0.0618,0,3,1.79759493012183,-0.03329752406285948,0.7149674929589642,Sheep,Animals,1977-01-23,https://api.spotify.com/v1/tracks/55e99bv2wlgTYtNEYHWtN1,audio_features,spotify:track:55e99bv2wlgTYtNEYHWtN1,1977,70,Golden age,619079,-12.095,135.378
1OzTJHmUMMYPQpMLxZYHlU,0.596,0.17,4.39e-05,0.0772,1,0.043,0.256,0.486,1,0,-1.112748943820146,0.840858628988361,-0.1360260749300895,Pigs on the Wing 2,Animals,1977-01-23,https://api.spotify.com/v1/tracks/1OzTJHmUMMYPQpMLxZYHlU,audio_features,spotify:track:1OzTJHmUMMYPQpMLxZYHlU,1977,70,Golden age,86697,-19.58,128.585
6pnwfWyaWjQiHCKTiZLItr,0.264,0.294,0.686,0.107,0,0.028,0.772,0.0402,1,3,2.2623031354167207,-0.21306502417254755,1.3998942725499355,Shine On You Crazy Diamond (Pts. 1-5),Wish You Were Here,1975-09-12,https://api.spotify.com/v1/tracks/6pnwfWyaWjQiHCKTiZLItr,audio_features,spotify:track:6pnwfWyaWjQiHCKTiZLItr,1975,70,Golden age,811077,-11.941,137.937
5VWC7v2dC2K0SIIjT9WTLN,0.381,0.358,0.169,0.0747,1,0.0365,0.524,0.036,0,1,1.0363687507074748,0.2400326416953069,0.14692518489368186,Welcome to the Machine,Wish You Were Here,1975-09-12,https://api.spotify.com/v1/tracks/5VWC7v2dC2K0SIIjT9WTLN,audio_features,spotify:track:5VWC7v2dC2K0SIIjT9WTLN,1975,70,Golden age,451681,-12.423,133.271
3CmHvyZQQAGkKkTjTBFWN6,0.454,0.65,0.0488,0.589,0,0.0437,0.407,0.72,0,1,0.9082610737228992,-0.10196100815871724,-0.665792076684031,Have a Cigar,Wish You Were Here,1975-09-12,https://api.spotify.com/v1/tracks/3CmHvyZQQAGkKkTjTBFWN6,audio_features,spotify:track:3CmHvyZQQAGkKkTjTBFWN6,1975,70,Golden age,307733,-10.191,120.155
6mFkJmJqdDVQ1REhVfGgd1,0.481,0.262,0.0114,0.832,1,0.0414,0.735,0.375,0,1,0.1225014492491987,0.12425391210925604,0.1438671821679701,Wish You Were Here,Wish You Were Here,1975-09-12,https://api.spotify.com/v1/tracks/6mFkJmJqdDVQ1REhVfGgd1,audio_features,spotify:track:6mFkJmJqdDVQ1REhVfGgd1,1975,70,Golden age,334744,-15.73,122.861
21j1PsCiTaO8ZW88UZrh3A,0.288,0.485,0.9,0.322,0,0.0491,0.576,0.124,1,3,1.9345817430377132,-0.15089898229617044,1.3336036915300566,Shine On You Crazy Diamond (Pts. 6-9),Wish You Were Here,1975-09-12,https://api.spotify.com/v1/tracks/21j1PsCiTaO8ZW88UZrh3A,audio_features,spotify:track:21j1PsCiTaO8ZW88UZrh3A,1975,70,Golden age,747325,-13.162,135.87
574y1r7o2tRA009FW0LE7v,0.592,0.0195,0.839,0.108,1,0.0369,0.361,0.0313,0,0,-3.0862909248379733,0.8499278450735362,1.8050416128736515,Speak to Me,The Dark Side of the Moon,1973-03-01,https://api.spotify.com/v1/tracks/574y1r7o2tRA009FW0LE7v,audio_features,spotify:track:574y1r7o2tRA009FW0LE7v,1973,70,Golden age,65314,-33.35,119.504
2ctvdKmETyOzPb2GiJJT53,0.431,0.373,0.728,0.143,0,0.0346,0.389,0.253,0,1,-0.12822925432288754,0.47548031796202794,-0.2435795885486207,Breathe (In the Air),The Dark Side of the Moon,1973-03-01,https://api.spotify.com/v1/tracks/2ctvdKmETyOzPb2GiJJT53,audio_features,spotify:track:2ctvdKmETyOzPb2GiJJT53,1973,70,Golden age,169535,-15.142,128.153
73OIUNKRi2y24Cu9cOLrzM,0.389,0.563,0.903,0.104,1,0.0622,0.65,0.134,0,1,-0.4855088438717251,1.753842420093802,0.8584256635853548,On the Run,The Dark Side of the Moon,1973-03-01,https://api.spotify.com/v1/tracks/73OIUNKRi2y24Cu9cOLrzM,audio_features,spotify:track:73OIUNKRi2y24Cu9cOLrzM,1973,70,Golden age,225385,-21.191,165.393
3TO7bbrUKrOSPGRTB5MeCz,0.359,0.48,0.0043,0.178,1,0.0841,0.521,0.355,0,1,0.8950824042298176,-0.1198041955778742,-0.17697285655937983,Time,The Dark Side of the Moon,1973-03-01,https://api.spotify.com/v1/tracks/3TO7bbrUKrOSPGRTB5MeCz,audio_features,spotify:track:3TO7bbrUKrOSPGRTB5MeCz,1973,70,Golden age,413947,-11.79,120.285
2TjdnqlpwOjhijHCwHCP2d,0.274,0.217,0.896,0.0832,1,0.0345,0.767,0.181,0,1,0.1467102632208644,-0.0011892772478002865,-0.1746342513904894,The Great Gig in the Sky,The Dark Side of the Moon,1973-03-01,https://api.spotify.com/v1/tracks/2TjdnqlpwOjhijHCwHCP2d,audio_features,spotify:track:2TjdnqlpwOjhijHCwHCP2d,1973,70,Golden age,283872,-13.814,116.334
0vFOzaXqZHahrZp6enQwQb,0.468,0.536,0.00199,0.269,0,0.144,0.024,0.785,1,1,1.1432410289290593,0.05196911198287361,-0.42166540661550256,Money,The Dark Side of the Moon,1973-03-01,https://api.spotify.com/v1/tracks/0vFOzaXqZHahrZp6enQwQb,audio_features,spotify:track:0vFOzaXqZHahrZp6enQwQb,1973,70,Golden age,382834,-10.422,126.256
1TKTiKp3zbNgrBH2IwSwIx,0.357,0.302,0.559,0.634,1,0.0303,0.862,0.135,0,2,0.19353372282016768,-1.6386842299344728,0.22977213181785971,Us and Them,The Dark Side of the Moon,1973-03-01,https://api.spotify.com/v1/tracks/1TKTiKp3zbNgrBH2IwSwIx,audio_features,spotify:track:1TKTiKp3zbNgrBH2IwSwIx,1973,70,Golden age,469224,-14.526,72.518
6FBPOJLxUZEair6x4kLDhf,0.277,0.672,0.936,0.423,1,0.0901,0.197,0.505,0,1,0.5310480129395976,1.1593082181763612,-0.5228882547793696,Any Colour You Like,The Dark Side of the Moon,1973-03-01,https://api.spotify.com/v1/tracks/6FBPOJLxUZEair6x4kLDhf,audio_features,spotify:track:6FBPOJLxUZEair6x4kLDhf,1973,70,Golden age,206429,-12.582,150.587
05uGBKRCuePsf43Hfm0JwX,0.324,0.265,0.341,0.366,1,0.0302,0.0732,0.208,0,1,0.271806096082962,0.6155767537346624,-0.44997016564314835,Brain Damage,The Dark Side of the Moon,1973-03-01,https://api.spotify.com/v1/tracks/05uGBKRCuePsf43Hfm0JwX,audio_features,spotify:track:05uGBKRCuePsf43Hfm0JwX,1973,70,Golden age,226667,-13.398,133.568
1tDWVeCR9oWGX8d5J9rswk,0.359,0.577,0.751,0.0686,1,0.0397,0.0589,0.141,0,2,-0.2843769399682865,-1.2944205655082914,-1.4199993213175355,Eclipse,The Dark Side of the Moon,1973-03-01,https://api.spotify.com/v1/tracks/1tDWVeCR9oWGX8d5J9rswk,audio_features,spotify:track:1tDWVeCR9oWGX8d5J9rswk,1973,70,Golden age,130429,-10.804,68.064
3c8LKbUsjW9lMYQzVScXQT,0.303,0.341,0.682,0.106,1,0.0271,0.0129,0.038,0,1,0.3027084521642102,1.6664795417345943,-0.2260232829519024,Obscured by Clouds,Obscured by Clouds,1972-06-03,https://api.spotify.com/v1/tracks/3c8LKbUsjW9lMYQzVScXQT,audio_features,spotify:track:3c8LKbUsjW9lMYQzVScXQT,1972,70,Pre TDSOTM,184040,-14.551,164.369
32s9tDIJi5HBI9iE2NQ3dn,0.537,0.632,0.893,0.135,1,0.0649,0.0261,0.189,0,1,0.5016977816467346,1.6698743833848502,-0.6277291330623728,When You're In,Obscured by Clouds,1972-06-03,https://api.spotify.com/v1/tracks/32s9tDIJi5HBI9iE2NQ3dn,audio_features,spotify:track:32s9tDIJi5HBI9iE2NQ3dn,1972,70,Pre TDSOTM,151213,-12.507,164.095
7eevs3p1r2gE7EMHQ6NHmz,0.429,0.224,0.000359,0.116,1,0.029,0.226,0.139,0,1,-0.1639477007814419,0.2022988594647988,-0.38262691329362,Burning Bridges,Obscured by Clouds,1972-06-03,https://api.spotify.com/v1/tracks/7eevs3p1r2gE7EMHQ6NHmz,audio_features,spotify:track:7eevs3p1r2gE7EMHQ6NHmz,1972,70,Pre TDSOTM,210333,-14.926,118.458
2ON80h9ZjmY0WBpVz8OPjU,0.506,0.506,0.000695,0.105,0,0.0414,3.77e-05,0.388,0,1,0.3179583000424385,0.05658428149388492,-0.834394914125666,The Gold It's in the...,Obscured by Clouds,1972-06-03,https://api.spotify.com/v1/tracks/2ON80h9ZjmY0WBpVz8OPjU,audio_features,spotify:track:2ON80h9ZjmY0WBpVz8OPjU,1972,70,Pre TDSOTM,187827,-11.746,117.47
6zGFOp6rJZbYSp9DQO5AHY,0.479,0.324,0.0,0.0675,1,0.0255,0.204,0.57,0,2,-0.3079296460878154,-0.881216009237182,-0.1273232605117513,Wot's...Uh the Deal,Obscured by Clouds,1972-06-03,https://api.spotify.com/v1/tracks/6zGFOp6rJZbYSp9DQO5AHY,audio_features,spotify:track:6zGFOp6rJZbYSp9DQO5AHY,1972,70,Pre TDSOTM,309107,-16.001,86.75
5F7YHcQPCRUNfUehsjgAu1,0.396,0.25,0.554,0.124,1,0.0285,0.502,0.115,0,2,0.12868612484952277,-0.22324259539121902,-0.47481472407490327,Mudmen,Obscured by Clouds,1972-06-03,https://api.spotify.com/v1/tracks/5F7YHcQPCRUNfUehsjgAu1,audio_features,spotify:track:5F7YHcQPCRUNfUehsjgAu1,1972,70,Pre TDSOTM,257907,-12.947,108.347
4fnJmewCdmTfErfSYSysyM,0.673,0.386,0.000165,0.0872,1,0.0411,0.242,0.194,0,1,0.29358018449919093,0.2873547889486853,-0.36777405432087334,Childhood's End,Obscured by Clouds,1972-06-03,https://api.spotify.com/v1/tracks/4fnJmewCdmTfErfSYSysyM,audio_features,spotify:track:4fnJmewCdmTfErfSYSysyM,1972,70,Pre TDSOTM,273387,-13.486,125.08
4pfuHQ4hdkUyDEYsMhgXHm,0.695,0.388,0.00213,0.0583,1,0.0326,0.0105,0.639,0,1,0.3433743375266748,0.30032311413232776,-0.555659385588927,Free Four,Obscured by Clouds,1972-06-03,https://api.spotify.com/v1/tracks/4pfuHQ4hdkUyDEYsMhgXHm,audio_features,spotify:track:4pfuHQ4hdkUyDEYsMhgXHm,1972,70,Pre TDSOTM,256787,-12.85,124.412
2loweLvzkHJTe7sbbw1nO8,0.439,0.265,0.000833,0.103,1,0.0308,0.823,0.247,0,1,0.12957685342681916,-0.03984206961838758,-0.5270674676346321,Stay,Obscured by Clouds,1972-06-03,https://api.spotify.com/v1/tracks/2loweLvzkHJTe7sbbw1nO8,audio_features,spotify:track:2loweLvzkHJTe7sbbw1nO8,1972,70,Pre TDSOTM,247747,-12.889,114.651
6an16oJkgHMlEgTMgtfIP9,0.126,0.23,0.612,0.0939,0,0.0382,0.095,0.0371,1,2,-0.5636526196258776,-0.9753994931385743,0.6240495530640748,Absolutely Curtains,Obscured by Clouds,1972-06-03,https://api.spotify.com/v1/tracks/6an16oJkgHMlEgTMgtfIP9,audio_features,spotify:track:6an16oJkgHMlEgTMgtfIP9,1972,70,Pre TDSOTM,350467,-19.231,85.271
6uU0Hu8oVk9gBihokcrDMH,0.381,0.508,0.846,0.535,1,0.0465,0.00613,0.403,0,2,0.18488365665676845,-0.4388252984085795,0.0380883408591262,One of These Days,Meddle,1971-11-11,https://api.spotify.com/v1/tracks/6uU0Hu8oVk9gBihokcrDMH,audio_features,spotify:track:6uU0Hu8oVk9gBihokcrDMH,1971,70,Pre TDSOTM,354613,-15.094,103.804
7krbQbYq63hcwVMNW1R0tD,0.361,0.211,0.00174,0.0857,1,0.0313,0.452,0.222,0,1,0.2034798151712982,0.8123266524495604,0.2414457822429142,A Pillow of Winds,Meddle,1971-11-11,https://api.spotify.com/v1/tracks/7krbQbYq63hcwVMNW1R0tD,audio_features,spotify:track:7krbQbYq63hcwVMNW1R0tD,1971,70,Pre TDSOTM,312893,-16.114,142.625
7AalBKBoLDR4UmRYRJpdbj,0.381,0.341,0.0403,0.448,1,0.0414,0.161,0.178,0,1,0.48792295327204965,0.7578277053372889,0.3287651548603533,Fearless,Meddle,1971-11-11,https://api.spotify.com/v1/tracks/7AalBKBoLDR4UmRYRJpdbj,audio_features,spotify:track:7AalBKBoLDR4UmRYRJpdbj,1971,70,Pre TDSOTM,367933,-15.719,143.756
3kbUFmLV5SHVQonfOpNgkd,0.691,0.324,0.0223,0.0674,1,0.0446,0.171,0.543,0,1,-0.1444988507935844,0.3084491024714209,-0.30584876997383476,San Tropez,Meddle,1971-11-11,https://api.spotify.com/v1/tracks/3kbUFmLV5SHVQonfOpNgkd,audio_features,spotify:track:3kbUFmLV5SHVQonfOpNgkd,1971,70,Pre TDSOTM,223067,-15.366,121.664
05lNdqc6FhcsxCfS8lJzyE,0.536,0.087,0.116,0.102,1,0.0384,0.807,0.358,0,0,-1.9928955202967857,-0.9735710400092289,0.2844660634653588,Seamus,Meddle,1971-11-11,https://api.spotify.com/v1/tracks/05lNdqc6FhcsxCfS8lJzyE,audio_features,spotify:track:05lNdqc6FhcsxCfS8lJzyE,1971,70,Pre TDSOTM,134840,-22.912,71.764
7kriFJLY2KOhw5en9iI2jb,0.285,0.322,0.649,0.107,0,0.0445,0.367,0.138,0,3,3.503663770322781,-1.1410192130803098,3.891466069249134,Echoes,Meddle,1971-11-11,https://api.spotify.com/v1/tracks/7kriFJLY2KOhw5en9iI2jb,audio_features,spotify:track:7kriFJLY2KOhw5en9iI2jb,1971,70,Pre TDSOTM,1412451,-16.58,133.577
1Pt7RPrjEQfzpPA9PS5aZj,0.267,0.217,0.882,0.0807,0,0.0332,0.785,0.0886,0,3,3.5961025375423845,-1.060648442489703,3.9329891180564194,Atom Heart Mother,Atom Heart Mother,1970-10-05,https://api.spotify.com/v1/tracks/1Pt7RPrjEQfzpPA9PS5aZj,audio_features,spotify:track:1Pt7RPrjEQfzpPA9PS5aZj,1970,70,Pre TDSOTM,1421455,-16.002,137.526
63brgJhrcNFW8ncUhM1mhG,0.508,0.103,0.618,0.108,0,0.0293,0.918,0.196,0,0,-1.069059081689271,-0.3275953516810962,0.9364086100884232,If,Atom Heart Mother,1970-10-05,https://api.spotify.com/v1/tracks/63brgJhrcNFW8ncUhM1mhG,audio_features,spotify:track:63brgJhrcNFW8ncUhM1mhG,1970,70,Pre TDSOTM,270773,-21.981,102.977
5MZALWjwQRX0RsZt31HlNP,0.23,0.429,0.49,0.0911,1,0.0278,0.417,0.324,0,1,1.2449587505972963,1.377763981489125,-0.3168436902858857,Summer '68,Atom Heart Mother,1970-10-05,https://api.spotify.com/v1/tracks/5MZALWjwQRX0RsZt31HlNP,audio_features,spotify:track:5MZALWjwQRX0RsZt31HlNP,1970,70,Pre TDSOTM,328960,-10.624,165.179
5qlckstqDQ2RskL0SJsDYx,0.365,0.204,0.424,0.823,1,0.0314,0.352,0.201,0,2,-0.37104628573572546,-1.3780086130000815,-0.10893773814481458,Fat Old Sun,Atom Heart Mother,1970-10-05,https://api.spotify.com/v1/tracks/5qlckstqDQ2RskL0SJsDYx,audio_features,spotify:track:5qlckstqDQ2RskL0SJsDYx,1970,70,Pre TDSOTM,323733,-15.778,72.689
1oYeGnAbyODhUHO4jOMW9v,0.374,0.272,0.336,0.0495,0,0.0586,0.439,0.178,0,3,1.2762177510507318,0.13006366955439078,2.310779861818592,Alan's Psychedelic Breakfast,Atom Heart Mother,1970-10-05,https://api.spotify.com/v1/tracks/1oYeGnAbyODhUHO4jOMW9v,audio_features,spotify:track:1oYeGnAbyODhUHO4jOMW9v,1970,70,Pre TDSOTM,778988,-19.413,143.139
2Daa7Ho3dsxTcdkrFABz0D,0.334,0.581,0.248,0.876,1,0.0657,0.108,0.0605,0,1,1.2744616986610202,0.04188907870470359,0.2557320530989652,Astronomy Domine - Live,Ummagumma,1969-10-25,https://api.spotify.com/v1/tracks/2Daa7Ho3dsxTcdkrFABz0D,audio_features,spotify:track:2Daa7Ho3dsxTcdkrFABz0D,1969,60,Syd's age,511624,-12.448,130.023
60WujjVzXLbbx4D6pSVg56,0.2,0.404,0.729,0.681,0,0.0283,0.0965,0.124,0,2,0.7592156596872509,-1.5154295890154912,0.42216251873728705,"Careful with That Axe, Eugene - Live",Ummagumma,1969-10-25,https://api.spotify.com/v1/tracks/60WujjVzXLbbx4D6pSVg56,audio_features,spotify:track:60WujjVzXLbbx4D6pSVg56,1969,60,Syd's age,529348,-13.68,81.9
62ZkQKB8UpUZkIqGPCxKN4,0.215,0.467,0.919,0.095,1,0.0643,0.838,0.241,0,2,0.5040919723283436,-1.541039292388777,0.666761749464011,Set the Controls for the Heart of the Sun - Live,Ummagumma,1969-10-25,https://api.spotify.com/v1/tracks/62ZkQKB8UpUZkIqGPCxKN4,audio_features,spotify:track:62ZkQKB8UpUZkIqGPCxKN4,1969,60,Syd's age,567149,-15.012,78.992
2TA0hmeMz6xVkfMI2rLkZe,0.252,0.809,0.838,0.698,0,0.207,0.575,0.22,0,3,2.3992715909116833,-0.5173891961051104,0.9540406255727486,A Saucerful of Secrets - Live,Ummagumma,1969-10-25,https://api.spotify.com/v1/tracks/2TA0hmeMz6xVkfMI2rLkZe,audio_features,spotify:track:2TA0hmeMz6xVkfMI2rLkZe,1969,60,Syd's age,768594,-10.278,128.777
4nvAMzXUzlVcfjLa7KxOe2,0.179,0.281,0.928,0.337,1,0.0386,0.0144,0.292,1,2,-0.14766330290401095,-0.7150294372066582,-1.7673331442253608,"Sysyphus, Pt. 1",Ummagumma,1969-10-25,https://api.spotify.com/v1/tracks/4nvAMzXUzlVcfjLa7KxOe2,audio_features,spotify:track:4nvAMzXUzlVcfjLa7KxOe2,1969,60,Syd's age,67682,-9.137,83.931
6tjF3ty70qWIu4OIBzP75K,0.174,0.633,0.917,0.155,0,0.0414,0.971,0.156,1,2,-0.37432882975623055,-0.9951171408195439,-0.4704438191126407,"Sysyphus, Pt. 2",Ummagumma,1969-10-25,https://api.spotify.com/v1/tracks/6tjF3ty70qWIu4OIBzP75K,audio_features,spotify:track:6tjF3ty70qWIu4OIBzP75K,1969,60,Syd's age,210027,-14.165,82.729
4Fqevhw2LYckHoKJlNMWQp,0.294,0.84,0.695,0.264,0,0.045,0.56,0.13,0,2,-0.2509061765634969,-0.9541266583331093,-1.1780333365225104,"Sysyphus, Pt. 3",Ummagumma,1969-10-25,https://api.spotify.com/v1/tracks/4Fqevhw2LYckHoKJlNMWQp,audio_features,spotify:track:4Fqevhw2LYckHoKJlNMWQp,1969,60,Syd's age,109693,-11.633,81.931
1PaiKdq5vIqoQ1OuQminON,0.0842,0.325,0.588,0.136,1,0.0666,0.72,0.0583,0,2,0.2535024053306552,-1.1949560047890435,0.062268304891709626,"Sysyphus, Pt. 4",Ummagumma,1969-10-25,https://api.spotify.com/v1/tracks/1PaiKdq5vIqoQ1OuQminON,audio_features,spotify:track:1PaiKdq5vIqoQ1OuQminON,1969,60,Syd's age,419907,-13.906,84.297
2twOdZ7eEp1uyG2bzqlCz9,0.452,0.137,0.113,0.448,1,0.37,0.445,0.448,0,0,-0.8924351948687861,0.06081347043891084,1.829108690982757,Grantchester Meadows,Ummagumma,1969-10-25,https://api.spotify.com/v1/tracks/2twOdZ7eEp1uyG2bzqlCz9,audio_features,spotify:track:2twOdZ7eEp1uyG2bzqlCz9,1969,60,Syd's age,447547,-25.597,118.295
63M8OHzd0lcVT517Pnon81,0.433,0.662,0.00921,0.425,1,0.892,0.705,0.198,0,2,-0.6738411286719674,-1.011133636105037,0.1423999275988764,Several Species of Small Furry Animals Gathered Together in a Cave and Grooving with a Pict,Ummagumma,1969-10-25,https://api.spotify.com/v1/tracks/63M8OHzd0lcVT517Pnon81,audio_features,spotify:track:63M8OHzd0lcVT517Pnon81,1969,60,Syd's age,298640,-18.181,82.386
1yZqNn4TSQ9cpdahcFXfwI,0.386,0.335,0.796,0.813,1,0.0344,0.648,0.125,0,1,0.5846928777468862,1.681234364318723,-0.30001536577726273,"The Narrow Way, Pt. 1",Ummagumma,1969-10-25,https://api.spotify.com/v1/tracks/1yZqNn4TSQ9cpdahcFXfwI,audio_features,spotify:track:1yZqNn4TSQ9cpdahcFXfwI,1969,60,Syd's age,208588,-12.996,168.898
1OJP1r3sh6yVwMOYZFG4vk,0.216,0.899,0.789,0.688,1,0.152,0.933,0.219,1,2,0.20880731178712456,-0.4045424840285843,-1.2405923632398068,"The Narrow Way, Pt. 2",Ummagumma,1969-10-25,https://api.spotify.com/v1/tracks/1OJP1r3sh6yVwMOYZFG4vk,audio_features,spotify:track:1OJP1r3sh6yVwMOYZFG4vk,1969,60,Syd's age,173252,-10.005,100.643
6n8xwCfq8u2AmbZWVG6Lyv,0.328,0.447,0.0277,0.103,1,0.0305,0.0254,0.0425,0,1,1.0137296328897474,0.25082806516042094,-0.471430591240969,"The Narrow Way, Pt. 3",Ummagumma,1969-10-25,https://api.spotify.com/v1/tracks/6n8xwCfq8u2AmbZWVG6Lyv,audio_features,spotify:track:6n8xwCfq8u2AmbZWVG6Lyv,1969,60,Syd's age,357707,-10.648,129.747
28YzSSMbcwjtj5OsN0w2hE,0.234,0.227,0.802,0.12,1,0.0515,0.989,0.362,1,2,-1.2596626154293962,-0.6595285254953657,-0.7623034885676091,"The Grand Vizier's Garden Party, Pt. 1 (Entrance)",Ummagumma,1969-10-25,https://api.spotify.com/v1/tracks/28YzSSMbcwjtj5OsN0w2hE,audio_features,spotify:track:28YzSSMbcwjtj5OsN0w2hE,1969,60,Syd's age,59573,-16.286,81.726
6dHuA6rCZDWm17Rv1hyZBT,0.363,0.235,0.49,0.161,1,0.184,0.631,0.154,0,2,-0.42754164663703764,-1.3825813990910307,0.627946257134938,"The Grand Vizier's Garden Party, Pt. 2 (Entertainment)",Ummagumma,1969-10-25,https://api.spotify.com/v1/tracks/6dHuA6rCZDWm17Rv1hyZBT,audio_features,spotify:track:6dHuA6rCZDWm17Rv1hyZBT,1969,60,Syd's age,425947,-18.394,75.178
4Dk7ln90TotTGBCXpZYJEX,0.202,0.139,0.313,0.168,1,0.0556,0.995,0.14,1,0,-2.036586994363534,-0.3000122266785171,-0.025984429382391625,"The Grand Vizier's Garden Party, Pt. 3 (Exit)",Ummagumma,1969-10-25,https://api.spotify.com/v1/tracks/4Dk7ln90TotTGBCXpZYJEX,audio_features,spotify:track:4Dk7ln90TotTGBCXpZYJEX,1969,60,Syd's age,39780,-22.088,89.045
7s4oBJSqvvR1dulnoLanV2,0.217,0.292,0.815,0.0737,1,0.182,0.833,0.18,0,2,-0.5950420576862301,-1.2828723440588392,0.1464672098803687,Cirrus Minor,More,1969-07-27,https://api.spotify.com/v1/tracks/7s4oBJSqvvR1dulnoLanV2,audio_features,spotify:track:7s4oBJSqvvR1dulnoLanV2,1969,60,Syd's age,317320,-17.053,74.233
4YJ1sPlEa0nSUVzsLlZ7Zz,0.135,0.835,0.00553,0.0364,0,0.0497,0.00456,0.27,0,1,1.4173057878390405,1.9803990013747939,-0.8135380051400236,The Nile Song,More,1969-07-27,https://api.spotify.com/v1/tracks/4YJ1sPlEa0nSUVzsLlZ7Zz,audio_features,spotify:track:4YJ1sPlEa0nSUVzsLlZ7Zz,1969,60,Syd's age,206960,-9.112,182.938
2mZreZ4DxJE1et4I7Zy9l7,0.438,0.0311,0.00768,0.0729,1,0.037,0.948,0.157,0,0,-1.4294714038680316,0.5307442935767827,0.9906262805604751,Crying Song,More,1969-07-27,https://api.spotify.com/v1/tracks/2mZreZ4DxJE1et4I7Zy9l7,audio_features,spotify:track:2mZreZ4DxJE1et4I7Zy9l7,1969,60,Syd's age,213307,-24.168,123.966
4LjC2yCKb8BmWCWX4xxzfJ,0.363,0.685,0.939,0.0895,0,0.0518,0.0186,0.273,0,1,-0.08523076839746349,0.8985706881619333,-0.3070914516706009,Up the Khyber,More,1969-07-27,https://api.spotify.com/v1/tracks/4LjC2yCKb8BmWCWX4xxzfJ,audio_features,spotify:track:4LjC2yCKb8BmWCWX4xxzfJ,1969,60,Syd's age,132787,-15.365,139.244
7DDvRmOSP2Yx28CfL6W7aw,0.503,0.148,0.706,0.119,1,0.0349,0.807,0.521,0,2,-1.1932596009593326,-1.0260269748781778,-0.1470585198451567,Green Is the Colour,More,1969-07-27,https://api.spotify.com/v1/tracks/7DDvRmOSP2Yx28CfL6W7aw,audio_features,spotify:track:7DDvRmOSP2Yx28CfL6W7aw,1969,60,Syd's age,178907,-18.267,74.868
6DtilR2YyfH1eAmxB7CseW,0.367,0.183,0.00498,0.07,0,0.033,0.741,0.177,0,2,-0.7746541183766176,-1.2414742223489064,0.2974191032144321,Cymbaline,More,1969-07-27,https://api.spotify.com/v1/tracks/6DtilR2YyfH1eAmxB7CseW,audio_features,spotify:track:6DtilR2YyfH1eAmxB7CseW,1969,60,Syd's age,289880,-18.456,76.782
0UNdgMQxCqUhw0Mcw89Vg3,0.628,0.41,0.925,0.12,1,0.0712,0.974,0.516,0,0,-1.4157403044382375,0.9334212990744326,0.2697206263295825,Party Sequence,More,1969-07-27,https://api.spotify.com/v1/tracks/0UNdgMQxCqUhw0Mcw89Vg3,audio_features,spotify:track:0UNdgMQxCqUhw0Mcw89Vg3,1969,60,Syd's age,68960,-21.665,131.135
2BHA4gy0Of1rFtRblQVcik,0.444,0.456,0.908,0.155,0,0.0438,0.865,0.135,0,1,0.5738803430948449,0.42290498641415875,0.15063837192897733,Main Theme,More,1969-07-27,https://api.spotify.com/v1/tracks/2BHA4gy0Of1rFtRblQVcik,audio_features,spotify:track:2BHA4gy0Of1rFtRblQVcik,1969,60,Syd's age,326440,-13.733,135.608
0ng5q14OCwukb4W09AuuQv,0.11,0.766,0.81,0.0615,1,0.0609,0.000657,0.306,0,1,1.249275424121795,2.0357196314678263,-0.8381627069020382,Ibiza Bar,More,1969-07-27,https://api.spotify.com/v1/tracks/0ng5q14OCwukb4W09AuuQv,audio_features,spotify:track:0ng5q14OCwukb4W09AuuQv,1969,60,Syd's age,199293,-9.412,180.433
4p1qtNoktFkDJy2oeXHmYi,0.473,0.163,0.707,0.11,0,0.0386,0.26,0.138,1,0,-0.8805498842194336,1.2397510283191282,0.4909911560286121,More Blues,More,1969-07-27,https://api.spotify.com/v1/tracks/4p1qtNoktFkDJy2oeXHmYi,audio_features,spotify:track:4p1qtNoktFkDJy2oeXHmYi,1969,60,Syd's age,132547,-20.859,145.852
1qjl9yDLL79nKVPGBf1akY,0.13,0.144,0.294,0.36,1,0.0448,0.96,0.0291,0,0,-0.7416604200573635,0.9149704129630197,2.0589316484924285,Quicksilver,More,1969-07-27,https://api.spotify.com/v1/tracks/1qjl9yDLL79nKVPGBf1akY,audio_features,spotify:track:1qjl9yDLL79nKVPGBf1akY,1969,60,Syd's age,433640,-25.897,146.13
4YYVPqAYayRTsU2luahbPd,0.697,0.194,0.409,0.0756,1,0.0812,0.723,0.205,0,0,-1.516493969347475,0.3904452853001081,0.04355869820650532,A Spanish Piece,More,1969-07-27,https://api.spotify.com/v1/tracks/4YYVPqAYayRTsU2luahbPd,audio_features,spotify:track:4YYVPqAYayRTsU2luahbPd,1969,60,Syd's age,65280,-20.992,113.835
4572xNdecYYfXEke0hvbfz,0.507,0.327,0.46,0.0792,1,0.0315,0.207,0.221,0,1,-0.3162338693234685,0.14655470163590353,-0.7232712774790651,Dramatic Theme,More,1969-07-27,https://api.spotify.com/v1/tracks/4572xNdecYYfXEke0hvbfz,audio_features,spotify:track:4572xNdecYYfXEke0hvbfz,1969,60,Syd's age,135850,-14.104,113.204
5xUz3xvyPPrNfnBrh9IOZa,0.158,0.615,0.861,0.153,1,0.0367,0.689,0.303,0,2,0.6385662718925369,-1.385257886242391,-0.937315349467341,Let There Be More Light,A Saucerful of Secrets,1968-06-29,https://api.spotify.com/v1/tracks/5xUz3xvyPPrNfnBrh9IOZa,audio_features,spotify:track:5xUz3xvyPPrNfnBrh9IOZa,1968,60,Syd's age,336728,-8.897,77.238
2YcxeBmk9hvMH7RFFyqnIr,0.334,0.651,0.631,0.0898,0,0.0401,0.233,0.34,0,1,0.6273245373484934,0.06931511228259256,-0.46830481171281385,Remember a Day,A Saucerful of Secrets,1968-06-29,https://api.spotify.com/v1/tracks/2YcxeBmk9hvMH7RFFyqnIr,audio_features,spotify:track:2YcxeBmk9hvMH7RFFyqnIr,1968,60,Syd's age,272853,-11.734,121.954
6p9UFDNfGrzS5Byd2r9KPk,0.297,0.327,0.905,0.0786,1,0.0482,0.673,0.334,0,1,0.36389632944484496,0.4020659562169904,0.09401346191664905,Set the Controls for the Heart of the Sun,A Saucerful of Secrets,1968-06-29,https://api.spotify.com/v1/tracks/6p9UFDNfGrzS5Byd2r9KPk,audio_features,spotify:track:6p9UFDNfGrzS5Byd2r9KPk,1968,60,Syd's age,327987,-14.417,130.852
0GML1aXwt0GJH8XRvcH7Fl,0.202,0.746,0.00281,0.138,1,0.0659,0.318,0.53,0,1,1.5150776525591563,1.7543812716987501,-0.96981432974563,Corporal Clegg,A Saucerful of Secrets,1968-06-29,https://api.spotify.com/v1/tracks/0GML1aXwt0GJH8XRvcH7Fl,audio_features,spotify:track:0GML1aXwt0GJH8XRvcH7Fl,1968,60,Syd's age,252507,-7.967,175.804
0OtkNB4TnTzrlid4zipYDV,0.217,0.779,0.9,0.106,1,0.177,0.227,0.0352,0,3,1.7433592841569419,-0.5867498436619005,0.9569692788590707,A Saucerful of Secrets,A Saucerful of Secrets,1968-06-29,https://api.spotify.com/v1/tracks/0OtkNB4TnTzrlid4zipYDV,audio_features,spotify:track:0OtkNB4TnTzrlid4zipYDV,1968,60,Syd's age,716693,-12.711,117.938
4bnu1f2cbv0YYJrPeV4dIF,0.305,0.375,0.0276,0.207,1,0.028,0.452,0.184,1,2,0.20995161671897158,-1.043918390204054,-0.9533518934887921,See-Saw,A Saucerful of Secrets,1968-06-29,https://api.spotify.com/v1/tracks/4bnu1f2cbv0YYJrPeV4dIF,audio_features,spotify:track:4bnu1f2cbv0YYJrPeV4dIF,1968,60,Syd's age,276853,-10.787,83.218
7L1n9EL0Sh0LMOyxDI7rxr,0.323,0.421,0.00204,0.24,0,0.0402,0.292,0.148,0,1,0.6167042741598667,-0.04842916254888427,-1.1847694167351852,Jugband Blues,A Saucerful of Secrets,1968-06-29,https://api.spotify.com/v1/tracks/7L1n9EL0Sh0LMOyxDI7rxr,audio_features,spotify:track:7L1n9EL0Sh0LMOyxDI7rxr,1968,60,Syd's age,180525,-9.049,116.465
3Y8gNcoJu1uJ5L1BZuGvqB,0.348,0.633,0.473,0.346,1,0.048,0.376,0.0805,0,1,0.5161126265373523,0.23304642391324484,-0.6671425704714603,Astronomy Domine,The Piper at the Gates of Dawn,1967-08-05,https://api.spotify.com/v1/tracks/3Y8gNcoJu1uJ5L1BZuGvqB,audio_features,spotify:track:3Y8gNcoJu1uJ5L1BZuGvqB,1967,60,Syd's age,251279,-11.527,124.096
0lT4imdjSzpCtooUccYAKj,0.349,0.743,0.000157,0.255,1,0.0384,0.504,0.549,0,1,0.4752695466288584,0.8363623399206782,-0.8582157044697613,Lucifer Sam,The Piper at the Gates of Dawn,1967-08-05,https://api.spotify.com/v1/tracks/0lT4imdjSzpCtooUccYAKj,audio_features,spotify:track:0lT4imdjSzpCtooUccYAKj,1967,60,Syd's age,187400,-11.551,140.774
6SlI8JYwFaESqre47wrQZz,0.251,0.408,0.000377,0.162,1,0.0349,0.541,0.292,0,1,0.35275223702724123,0.15967324085570178,-1.034790006290731,Matilda Mother,The Piper at the Gates of Dawn,1967-08-05,https://api.spotify.com/v1/tracks/6SlI8JYwFaESqre47wrQZz,audio_features,spotify:track:6SlI8JYwFaESqre47wrQZz,1967,60,Syd's age,188493,-10.62,119.582
4r74qNo5usVTNhBZwo1Hg6,0.403,0.533,4.36e-05,0.123,1,0.0339,0.318,0.334,1,1,0.4228835137831856,0.5771037728595866,-1.155611041310201,Flaming,The Piper at the Gates of Dawn,1967-08-05,https://api.spotify.com/v1/tracks/4r74qNo5usVTNhBZwo1Hg6,audio_features,spotify:track:4r74qNo5usVTNhBZwo1Hg6,1967,60,Syd's age,166040,-10.347,130.544
0X0SM0KFf88MFvvnJNmi6D,0.402,0.404,0.87,0.375,0,0.0418,0.634,0.557,0,1,0.20309092787975963,0.09780308510092355,-0.08441211364881634,Pow R. Toc H.,The Piper at the Gates of Dawn,1967-08-05,https://api.spotify.com/v1/tracks/0X0SM0KFf88MFvvnJNmi6D,audio_features,spotify:track:0X0SM0KFf88MFvvnJNmi6D,1967,60,Syd's age,266307,-14.283,121.465
6q3URBXG6Tr9pMU0bOlvrc,0.331,0.775,0.0607,0.0699,1,0.117,0.0442,0.661,0,1,0.7307553963865081,1.1745862100938362,-0.9570827865583151,Take Up Thy Stethoscope and Walk,The Piper at the Gates of Dawn,1967-08-05,https://api.spotify.com/v1/tracks/6q3URBXG6Tr9pMU0bOlvrc,audio_features,spotify:track:6q3URBXG6Tr9pMU0bOlvrc,1967,60,Syd's age,186053,-10.71,151.201
3xyTufSSGLP3oZnomceAVW,0.23,0.704,0.869,0.112,1,0.0566,0.767,0.308,0,2,1.2676760183852305,-1.1755359649867678,0.19808333557282073,Interstellar Overdrive,The Piper at the Gates of Dawn,1967-08-05,https://api.spotify.com/v1/tracks/3xyTufSSGLP3oZnomceAVW,audio_features,spotify:track:3xyTufSSGLP3oZnomceAVW,1967,60,Syd's age,580716,-10.975,94.227
1GqRmuG89ILDLcuAdcli6r,0.533,0.353,0.0,0.0975,1,0.03,0.655,0.372,0,1,-0.09527189315645787,0.16565111532990728,-0.994468348766817,The Gnome,The Piper at the Gates of Dawn,1967-08-05,https://api.spotify.com/v1/tracks/1GqRmuG89ILDLcuAdcli6r,audio_features,spotify:track:1GqRmuG89ILDLcuAdcli6r,1967,60,Syd's age,133911,-12.261,115.978
0j9iv7tRpEpTGSGpkCMJve,0.231,0.376,0.000572,0.0606,1,0.0335,0.704,0.344,0,1,0.486653008116488,0.3949826806675741,-0.8277902816425985,Chapter 24,The Piper at the Gates of Dawn,1967-08-05,https://api.spotify.com/v1/tracks/0j9iv7tRpEpTGSGpkCMJve,audio_features,spotify:track:0j9iv7tRpEpTGSGpkCMJve,1967,60,Syd's age,222427,-10.898,128.746
1aV8FeJiQpZXFY35rLNNu0,0.558,0.339,0.784,0.0261,1,0.0623,0.385,0.921,1,1,0.09990205335492121,1.4863641561990981,-0.6248354410938612,The Scarecrow,The Piper at the Gates of Dawn,1967-08-05,https://api.spotify.com/v1/tracks/1aV8FeJiQpZXFY35rLNNu0,audio_features,spotify:track:1aV8FeJiQpZXFY35rLNNu0,1967,60,Syd's age,131267,-13.581,155.156
4gJrRkskBk1oyooA4qm67a,0.418,0.785,1.08e-05,0.764,1,0.185,0.834,0.233,0,1,0.3716918849957379,-0.05651603024774412,-1.0534207416459473,Bike,The Piper at the Gates of Dawn,1967-08-05,https://api.spotify.com/v1/tracks/4gJrRkskBk1oyooA4qm67a,audio_features,spotify:track:4gJrRkskBk1oyooA4qm67a,1967,60,Syd's age,201024,-10.587,114.518
